               epoch,      train/box_loss,      train/obj_loss,      train/cls_loss,   metrics/precision,      metrics/recall,     metrics/mAP_0.5,metrics/mAP_0.5:0.95,        val/box_loss,        val/obj_loss,        val/cls_loss,               x/lr0,               x/lr1,               x/lr2
                   0,             0.10021,            0.032736,                   0,           0.0033998,            0.036232,           0.0017924,          0.00036802,              0.1009,            0.029097,                   0,             0.00205,             0.00205,             0.08155
                   1,            0.088476,            0.033363,                   0,           0.0012903,             0.14493,           0.0007224,          0.00014416,              0.1197,            0.041223,                   0,           0.0041099,           0.0041099,             0.06301
                   2,            0.084477,            0.032442,                   0,          0.00041648,             0.07971,          0.00022087,          7.4482e-05,             0.13114,             0.60589,                   0,           0.0061694,           0.0061694,            0.044469
                   3,            0.082411,            0.032941,                   0,           0.0033328,              0.2029,           0.0015248,          0.00029875,            0.096481,            0.025528,                   0,           0.0082282,           0.0082282,            0.025928
                   4,            0.081244,             0.03286,                   0,           0.0050045,             0.16667,           0.0020564,           0.0004285,            0.088429,            0.025079,                   0,           0.0099961,           0.0099961,           0.0099961
                   5,            0.080778,            0.032263,                   0,           0.0091437,             0.19565,           0.0041183,          0.00078515,            0.082912,            0.026711,                   0,           0.0099961,           0.0099961,           0.0099961
                   6,             0.07978,            0.031918,                   0,            0.015773,             0.07971,           0.0066862,           0.0011848,            0.081745,            0.027338,                   0,           0.0099938,           0.0099938,           0.0099938
                   7,            0.077238,            0.029802,                   0,            0.018625,             0.19565,             0.00811,           0.0013917,            0.081233,            0.026611,                   0,           0.0099911,           0.0099911,           0.0099911
                   8,            0.074099,            0.029062,                   0,              0.0547,             0.25362,            0.028085,           0.0053916,              0.0788,            0.027256,                   0,           0.0099879,           0.0099879,           0.0099879
                   9,            0.075291,            0.030244,                   0,             0.13507,             0.24638,            0.064702,            0.013709,            0.071936,            0.026405,                   0,           0.0099842,           0.0099842,           0.0099842
                  10,            0.072344,            0.028791,                   0,             0.28946,             0.16533,             0.10093,            0.021675,            0.071613,            0.024902,                   0,             0.00998,             0.00998,             0.00998
                  11,            0.073022,            0.028166,                   0,             0.10933,              0.3913,             0.10312,             0.02677,            0.068243,            0.025841,                   0,           0.0099753,           0.0099753,           0.0099753
                  12,            0.069926,            0.029098,                   0,            0.072445,             0.14493,            0.037019,           0.0070858,            0.078543,            0.026705,                   0,           0.0099702,           0.0099702,           0.0099702
                  13,              0.0704,            0.027707,                   0,             0.12686,             0.21014,            0.086012,            0.017961,            0.072777,            0.022655,                   0,           0.0099645,           0.0099645,           0.0099645
                  14,            0.069988,            0.028423,                   0,              0.2304,             0.19565,             0.13764,             0.02988,            0.070535,            0.024448,                   0,           0.0099584,           0.0099584,           0.0099584
                  15,            0.068123,             0.02777,                   0,             0.19274,             0.26087,             0.12402,            0.025627,            0.064407,            0.025126,                   0,           0.0099517,           0.0099517,           0.0099517
                  16,            0.068284,             0.02765,                   0,             0.27681,             0.16667,             0.13822,            0.026696,            0.065184,            0.024928,                   0,           0.0099446,           0.0099446,           0.0099446
                  17,            0.066117,            0.027553,                   0,              0.1201,             0.36232,            0.086373,             0.01695,            0.067967,            0.026995,                   0,            0.009937,            0.009937,            0.009937
                  18,               0.064,            0.027285,                   0,             0.23651,              0.4058,              0.2175,            0.051162,            0.061481,            0.023573,                   0,           0.0099289,           0.0099289,           0.0099289
                  19,            0.065283,             0.02725,                   0,             0.25438,              0.3913,             0.17976,            0.041962,            0.062145,            0.023072,                   0,           0.0099203,           0.0099203,           0.0099203
                  20,            0.064164,            0.025412,                   0,             0.41892,             0.26812,              0.2404,            0.072613,            0.062729,            0.024097,                   0,           0.0099112,           0.0099112,           0.0099112
                  21,            0.063544,            0.027144,                   0,             0.31293,             0.36232,             0.24373,            0.050754,            0.062528,            0.022523,                   0,           0.0099017,           0.0099017,           0.0099017
                  22,            0.062417,            0.024967,                   0,             0.22385,             0.43478,             0.19887,            0.046807,            0.061652,            0.022918,                   0,           0.0098916,           0.0098916,           0.0098916
                  23,            0.064813,            0.026189,                   0,             0.19937,             0.23913,             0.11517,            0.026078,            0.065143,            0.021382,                   0,           0.0098811,           0.0098811,           0.0098811
                  24,            0.060358,            0.025661,                   0,             0.13804,             0.43478,             0.13062,            0.030399,             0.06302,             0.02386,                   0,           0.0098701,           0.0098701,           0.0098701
                  25,            0.061298,            0.026102,                   0,             0.27432,             0.43478,             0.24909,            0.060669,            0.061643,            0.022798,                   0,           0.0098586,           0.0098586,           0.0098586
                  26,            0.059364,            0.025777,                   0,             0.24831,             0.28986,             0.15179,            0.035632,              0.0609,             0.02411,                   0,           0.0098467,           0.0098467,           0.0098467
                  27,            0.058804,            0.025163,                   0,             0.37287,                 0.5,             0.32465,            0.077099,            0.057547,            0.020759,                   0,           0.0098342,           0.0098342,           0.0098342
                  28,            0.059155,            0.025034,                   0,             0.40878,              0.4058,             0.33386,            0.094234,             0.05978,            0.021495,                   0,           0.0098213,           0.0098213,           0.0098213
                  29,            0.057837,            0.025805,                   0,             0.35857,             0.44155,             0.32348,            0.096706,            0.055899,            0.021031,                   0,           0.0098079,           0.0098079,           0.0098079
                  30,            0.061237,            0.025653,                   0,             0.30087,             0.49272,              0.2587,            0.059246,            0.058044,            0.021256,                   0,           0.0097941,           0.0097941,           0.0097941
                  31,            0.058553,            0.026697,                   0,             0.36872,             0.52174,             0.31433,            0.078569,            0.056476,            0.021833,                   0,           0.0097798,           0.0097798,           0.0097798
                  32,            0.056706,            0.025505,                   0,             0.37823,             0.45652,             0.29946,            0.084773,            0.056709,            0.020796,                   0,            0.009765,            0.009765,            0.009765
                  33,            0.058418,             0.02588,                   0,             0.37724,             0.57971,             0.37314,             0.11389,            0.056181,            0.020523,                   0,           0.0097497,           0.0097497,           0.0097497
                  34,            0.058336,            0.025935,                   0,             0.36332,             0.53623,             0.36988,             0.10728,            0.056375,            0.020818,                   0,            0.009734,            0.009734,            0.009734
                  35,            0.058244,            0.024806,                   0,             0.33616,             0.42566,             0.27572,            0.080901,            0.062614,            0.021204,                   0,           0.0097178,           0.0097178,           0.0097178
                  36,            0.058087,             0.02408,                   0,             0.36674,              0.3913,             0.34926,            0.085171,            0.057332,            0.020642,                   0,           0.0097011,           0.0097011,           0.0097011
                  37,            0.057071,            0.024131,                   0,             0.35882,             0.50691,             0.31022,            0.090304,            0.055629,            0.020007,                   0,            0.009684,            0.009684,            0.009684
                  38,            0.057482,             0.02541,                   0,             0.58975,             0.54348,             0.51691,             0.16037,            0.054193,            0.020788,                   0,           0.0096664,           0.0096664,           0.0096664
                  39,            0.056045,            0.024162,                   0,             0.59648,              0.3913,             0.42863,             0.12073,            0.054947,            0.020829,                   0,           0.0096484,           0.0096484,           0.0096484
                  40,            0.054664,            0.024327,                   0,             0.63901,             0.42754,             0.44984,             0.13268,            0.053223,            0.020733,                   0,           0.0096299,           0.0096299,           0.0096299
                  41,            0.055397,            0.023565,                   0,              0.4369,             0.42754,             0.37369,             0.11916,            0.054734,            0.019898,                   0,            0.009611,            0.009611,            0.009611
                  42,            0.055808,            0.024594,                   0,             0.42608,             0.61594,              0.4367,             0.12492,            0.052824,            0.019846,                   0,           0.0095916,           0.0095916,           0.0095916
                  43,            0.055939,            0.024813,                   0,             0.44239,             0.51449,             0.43484,             0.13041,            0.054216,            0.021526,                   0,           0.0095717,           0.0095717,           0.0095717
                  44,            0.054194,            0.023842,                   0,             0.48028,             0.44928,             0.37913,            0.092442,            0.055355,            0.019464,                   0,           0.0095514,           0.0095514,           0.0095514
                  45,            0.055317,            0.024267,                   0,             0.45689,             0.43478,             0.34835,             0.11127,             0.05531,            0.020101,                   0,           0.0095307,           0.0095307,           0.0095307
                  46,            0.053922,            0.024566,                   0,             0.47224,             0.45652,             0.34647,            0.081482,            0.055586,            0.020948,                   0,           0.0095095,           0.0095095,           0.0095095
                  47,            0.053228,             0.02363,                   0,             0.49108,             0.60145,             0.46914,             0.13426,            0.051606,            0.020914,                   0,           0.0094879,           0.0094879,           0.0094879
                  48,            0.054203,            0.022685,                   0,             0.45702,             0.47826,              0.3804,             0.11523,            0.052729,            0.020342,                   0,           0.0094659,           0.0094659,           0.0094659
                  49,            0.052677,            0.023254,                   0,               0.448,                 0.5,             0.36825,             0.10066,            0.053749,            0.020338,                   0,           0.0094434,           0.0094434,           0.0094434
                  50,            0.053056,            0.023836,                   0,             0.41637,             0.57246,              0.3872,              0.1114,             0.05206,            0.019541,                   0,           0.0094205,           0.0094205,           0.0094205
                  51,            0.052495,            0.024575,                   0,             0.52424,             0.54348,             0.49151,             0.15551,            0.051797,            0.020087,                   0,           0.0093971,           0.0093971,           0.0093971
                  52,            0.052509,            0.024583,                   0,             0.50901,             0.57971,             0.48256,              0.1559,            0.053049,            0.019751,                   0,           0.0093733,           0.0093733,           0.0093733
                  53,            0.050869,            0.023893,                   0,             0.55953,             0.54348,             0.50251,             0.16374,            0.051869,            0.019072,                   0,           0.0093491,           0.0093491,           0.0093491
                  54,            0.052887,            0.024193,                   0,             0.54131,             0.61572,             0.49647,              0.1841,            0.049543,            0.020025,                   0,           0.0093245,           0.0093245,           0.0093245
                  55,            0.050886,            0.023815,                   0,             0.57049,             0.49275,             0.48516,             0.14811,            0.051991,            0.018442,                   0,           0.0092995,           0.0092995,           0.0092995
                  56,            0.050457,            0.023336,                   0,             0.59312,              0.5942,             0.57003,             0.19563,            0.047884,            0.019457,                   0,            0.009274,            0.009274,            0.009274
                  57,            0.051724,            0.024509,                   0,             0.49032,             0.56467,             0.51305,             0.17593,            0.049392,            0.020189,                   0,           0.0092481,           0.0092481,           0.0092481
                  58,            0.049521,            0.022841,                   0,             0.49105,             0.63768,             0.53948,             0.18052,            0.050647,            0.021075,                   0,           0.0092219,           0.0092219,           0.0092219
                  59,            0.050253,             0.02295,                   0,             0.56191,             0.58556,             0.57424,             0.20803,            0.049123,            0.018765,                   0,           0.0091952,           0.0091952,           0.0091952
                  60,            0.048765,            0.022232,                   0,             0.60787,             0.52899,             0.52095,             0.17302,            0.050809,            0.018811,                   0,           0.0091681,           0.0091681,           0.0091681
                  61,            0.050139,            0.024639,                   0,             0.52901,             0.52174,             0.47214,             0.14465,            0.051855,            0.020215,                   0,           0.0091406,           0.0091406,           0.0091406
                  62,            0.049729,            0.023749,                   0,             0.64958,             0.57971,             0.53678,             0.17464,            0.049741,            0.019019,                   0,           0.0091127,           0.0091127,           0.0091127
                  63,            0.051592,            0.022566,                   0,             0.43866,             0.55072,             0.46937,             0.14189,            0.055987,              0.0195,                   0,           0.0090844,           0.0090844,           0.0090844
                  64,            0.051864,            0.023282,                   0,             0.56276,             0.57971,             0.55769,             0.16105,            0.050835,              0.0182,                   0,           0.0090557,           0.0090557,           0.0090557
                  65,            0.048704,            0.022523,                   0,             0.61719,             0.60752,             0.58976,              0.1798,            0.049593,            0.018951,                   0,           0.0090266,           0.0090266,           0.0090266
                  66,            0.050272,            0.022246,                   0,             0.56478,             0.55797,             0.52654,              0.1663,            0.049381,            0.019737,                   0,           0.0089972,           0.0089972,           0.0089972
                  67,            0.049847,            0.023059,                   0,             0.64267,             0.45615,             0.51156,             0.17366,            0.049314,            0.019216,                   0,           0.0089673,           0.0089673,           0.0089673
                  68,            0.047539,            0.022511,                   0,             0.63438,             0.62319,             0.60535,             0.21091,            0.047209,            0.018862,                   0,           0.0089371,           0.0089371,           0.0089371
                  69,            0.048343,            0.022682,                   0,             0.50531,             0.63043,             0.50524,             0.17179,            0.048113,               0.021,                   0,           0.0089065,           0.0089065,           0.0089065
                  70,            0.049466,            0.023425,                   0,             0.64776,             0.58696,             0.58941,             0.20806,            0.047604,            0.020067,                   0,           0.0088755,           0.0088755,           0.0088755
                  71,            0.047074,             0.02153,                   0,             0.62784,             0.63768,             0.63423,             0.20865,            0.048472,            0.018835,                   0,           0.0088442,           0.0088442,           0.0088442
                  72,             0.04742,            0.021734,                   0,             0.68206,              0.6087,             0.61357,             0.20981,            0.048122,            0.019365,                   0,           0.0088124,           0.0088124,           0.0088124
                  73,             0.04712,            0.022989,                   0,             0.69588,             0.56375,             0.65028,             0.23339,            0.046423,            0.018248,                   0,           0.0087804,           0.0087804,           0.0087804
                  74,            0.047074,            0.023051,                   0,             0.58806,             0.57246,             0.57322,             0.18435,            0.049552,            0.018291,                   0,           0.0087479,           0.0087479,           0.0087479
                  75,            0.046392,             0.02289,                   0,             0.59241,             0.60145,             0.56528,             0.19675,            0.046303,            0.019188,                   0,           0.0087151,           0.0087151,           0.0087151
                  76,            0.046105,            0.022022,                   0,             0.52933,             0.57246,              0.5056,             0.17962,            0.051139,            0.018532,                   0,            0.008682,            0.008682,            0.008682
                  77,             0.04645,            0.021488,                   0,             0.63083,             0.68116,             0.66474,             0.21764,            0.047252,            0.017965,                   0,           0.0086485,           0.0086485,           0.0086485
                  78,            0.046977,            0.022711,                   0,             0.64788,             0.58696,             0.61485,             0.20645,            0.046806,            0.018379,                   0,           0.0086146,           0.0086146,           0.0086146
                  79,            0.046184,            0.022132,                   0,             0.59469,             0.63043,             0.61426,             0.20957,            0.048443,             0.01851,                   0,           0.0085805,           0.0085805,           0.0085805
                  80,            0.044819,            0.022076,                   0,             0.63618,             0.55797,             0.53914,             0.18158,             0.05013,            0.018791,                   0,           0.0085459,           0.0085459,           0.0085459
                  81,            0.046927,            0.021783,                   0,             0.72636,             0.55797,             0.64802,             0.23615,            0.047442,            0.018198,                   0,           0.0085111,           0.0085111,           0.0085111
                  82,            0.045007,            0.022739,                   0,             0.67721,             0.52174,             0.62901,             0.22333,            0.047255,            0.018226,                   0,           0.0084759,           0.0084759,           0.0084759
                  83,            0.046302,             0.02285,                   0,             0.62269,             0.69565,             0.68931,             0.24757,            0.044673,            0.018063,                   0,           0.0084404,           0.0084404,           0.0084404
                  84,            0.044799,            0.020737,                   0,             0.61649,              0.6087,             0.60234,             0.22668,            0.046183,            0.018581,                   0,           0.0084046,           0.0084046,           0.0084046
                  85,             0.04639,            0.021723,                   0,             0.66655,             0.60839,             0.65466,             0.22053,            0.046558,            0.018881,                   0,           0.0083684,           0.0083684,           0.0083684
                  86,            0.045903,            0.022213,                   0,             0.68458,             0.64482,             0.65803,             0.21375,            0.048811,            0.017958,                   0,           0.0083319,           0.0083319,           0.0083319
                  87,            0.044419,            0.022406,                   0,             0.66658,             0.55051,             0.62198,             0.21337,            0.049187,             0.01883,                   0,           0.0082952,           0.0082952,           0.0082952
                  88,            0.043705,            0.020907,                   0,             0.78116,             0.54321,             0.65134,             0.23531,            0.046995,            0.018787,                   0,           0.0082581,           0.0082581,           0.0082581
                  89,            0.044097,            0.021745,                   0,             0.62597,             0.68116,             0.65808,             0.22612,            0.047577,            0.017549,                   0,           0.0082207,           0.0082207,           0.0082207
                  90,            0.044123,            0.022056,                   0,             0.69696,             0.65217,              0.6877,               0.262,            0.046058,            0.017468,                   0,            0.008183,            0.008183,            0.008183
                  91,            0.044694,            0.021187,                   0,             0.59563,             0.62974,              0.6387,             0.23136,            0.045699,            0.017993,                   0,            0.008145,            0.008145,            0.008145
                  92,            0.044045,            0.022081,                   0,             0.60273,             0.63767,             0.60514,             0.21374,             0.04685,            0.017748,                   0,           0.0081068,           0.0081068,           0.0081068
                  93,            0.042861,            0.021998,                   0,             0.68928,             0.57869,             0.64674,             0.23924,            0.044212,            0.018167,                   0,           0.0080682,           0.0080682,           0.0080682
                  94,            0.043754,            0.020525,                   0,             0.69313,             0.68744,             0.68899,             0.24197,            0.045217,            0.017443,                   0,           0.0080294,           0.0080294,           0.0080294
                  95,            0.042675,            0.021752,                   0,             0.65375,             0.73881,             0.70837,             0.24557,            0.044468,            0.017702,                   0,           0.0079903,           0.0079903,           0.0079903
                  96,            0.041225,             0.02047,                   0,             0.75992,             0.55072,             0.67846,             0.23264,            0.045088,            0.018191,                   0,           0.0079509,           0.0079509,           0.0079509
                  97,            0.043017,            0.020974,                   0,             0.61588,             0.61579,             0.62091,             0.20801,            0.047214,            0.018194,                   0,           0.0079112,           0.0079112,           0.0079112
                  98,            0.043818,             0.02251,                   0,             0.74993,             0.63021,             0.70118,             0.24981,            0.044597,            0.017727,                   0,           0.0078713,           0.0078713,           0.0078713
                  99,             0.04399,            0.020709,                   0,             0.75655,             0.58549,             0.69417,             0.26003,            0.044886,            0.017965,                   0,           0.0078311,           0.0078311,           0.0078311
                 100,             0.04403,            0.021518,                   0,             0.67875,             0.64305,             0.69072,             0.24726,            0.043985,            0.017947,                   0,           0.0077907,           0.0077907,           0.0077907
                 101,            0.041565,            0.020558,                   0,             0.73947,             0.63759,             0.69422,             0.23454,            0.046065,            0.017392,                   0,             0.00775,             0.00775,             0.00775
                 102,            0.041842,            0.019577,                   0,             0.61813,             0.71739,             0.65422,             0.23541,            0.045153,            0.018171,                   0,           0.0077091,           0.0077091,           0.0077091
                 103,            0.042239,            0.020393,                   0,             0.62459,             0.65217,               0.648,             0.23303,            0.047339,            0.018462,                   0,           0.0076679,           0.0076679,           0.0076679
                 104,            0.042864,            0.021442,                   0,             0.70862,             0.63768,             0.67759,             0.23974,            0.047223,            0.018089,                   0,           0.0076265,           0.0076265,           0.0076265
                 105,            0.042426,            0.021143,                   0,             0.69487,              0.5942,             0.65952,             0.23518,            0.046356,            0.017775,                   0,           0.0075848,           0.0075848,           0.0075848
                 106,            0.042997,            0.019975,                   0,             0.62579,             0.70286,              0.6608,              0.2398,            0.046839,            0.017587,                   0,            0.007543,            0.007543,            0.007543
                 107,            0.041456,            0.021344,                   0,             0.67112,             0.69565,              0.6862,             0.24574,             0.04458,            0.017584,                   0,           0.0075009,           0.0075009,           0.0075009
                 108,            0.043998,            0.020113,                   0,             0.64946,             0.64444,              0.6681,             0.21941,             0.04823,            0.017541,                   0,           0.0074585,           0.0074585,           0.0074585
                 109,            0.042644,            0.020318,                   0,             0.67899,             0.65942,             0.70074,             0.26723,            0.044363,            0.016949,                   0,            0.007416,            0.007416,            0.007416
                 110,            0.041572,            0.021233,                   0,             0.72184,             0.65942,             0.69097,             0.25036,            0.044854,             0.01751,                   0,           0.0073733,           0.0073733,           0.0073733
                 111,            0.040698,            0.019868,                   0,             0.68959,             0.57953,             0.61579,             0.21115,             0.04792,            0.017839,                   0,           0.0073303,           0.0073303,           0.0073303
                 112,            0.043172,            0.020948,                   0,             0.73965,             0.65942,             0.71903,             0.26237,            0.045357,            0.017192,                   0,           0.0072872,           0.0072872,           0.0072872
                 113,            0.041372,            0.020596,                   0,             0.66666,             0.69562,             0.67712,             0.24451,            0.045121,            0.017412,                   0,           0.0072438,           0.0072438,           0.0072438
                 114,            0.039661,             0.02086,                   0,             0.57761,             0.72464,             0.64465,             0.23121,            0.044978,            0.017709,                   0,           0.0072003,           0.0072003,           0.0072003
                 115,            0.040512,            0.020353,                   0,             0.72128,              0.6376,              0.6866,             0.25404,            0.045444,            0.017301,                   0,           0.0071566,           0.0071566,           0.0071566
                 116,            0.040723,            0.020059,                   0,             0.70486,             0.70956,             0.69604,             0.25062,              0.0449,            0.017598,                   0,           0.0071127,           0.0071127,           0.0071127
                 117,             0.04102,            0.020401,                   0,             0.77448,             0.62319,             0.66372,             0.24627,            0.045266,            0.017571,                   0,           0.0070686,           0.0070686,           0.0070686
                 118,            0.040706,             0.02031,                   0,             0.60854,             0.71014,             0.68353,              0.2439,            0.045646,            0.017321,                   0,           0.0070243,           0.0070243,           0.0070243
                 119,            0.042222,            0.020609,                   0,             0.75622,             0.65187,             0.67948,             0.23311,            0.046242,            0.016964,                   0,           0.0069799,           0.0069799,           0.0069799
                 120,            0.039596,            0.020623,                   0,             0.76719,             0.64474,             0.70797,              0.2617,             0.04538,            0.016576,                   0,           0.0069353,           0.0069353,           0.0069353
                 121,            0.040922,            0.020653,                   0,             0.72351,             0.66667,             0.71301,             0.25093,            0.045608,            0.016791,                   0,           0.0068906,           0.0068906,           0.0068906
                 122,            0.039746,            0.020279,                   0,             0.75829,             0.63768,             0.71507,             0.26678,            0.044275,            0.017124,                   0,           0.0068457,           0.0068457,           0.0068457
                 123,            0.039946,             0.02045,                   0,             0.72491,             0.59196,             0.65456,             0.25012,            0.045373,            0.017528,                   0,           0.0068006,           0.0068006,           0.0068006
                 124,            0.039653,             0.02019,                   0,             0.75458,             0.53473,             0.62552,             0.21966,            0.048422,            0.017852,                   0,           0.0067555,           0.0067555,           0.0067555
                 125,            0.040855,            0.020384,                   0,             0.76233,             0.55784,             0.64602,             0.23608,            0.046214,            0.017806,                   0,           0.0067101,           0.0067101,           0.0067101
                 126,            0.039889,            0.020779,                   0,             0.68368,             0.67348,             0.70499,              0.2407,            0.046735,              0.0171,                   0,           0.0066647,           0.0066647,           0.0066647
                 127,            0.040202,            0.020056,                   0,             0.73129,             0.71014,             0.75292,             0.28092,            0.043479,            0.016498,                   0,           0.0066191,           0.0066191,           0.0066191
                 128,             0.03946,            0.019805,                   0,             0.70958,             0.67391,             0.70154,             0.27466,            0.044777,            0.017216,                   0,           0.0065734,           0.0065734,           0.0065734
                 129,            0.040915,            0.019521,                   0,             0.78687,             0.61594,             0.66858,              0.2341,            0.046986,            0.017385,                   0,           0.0065276,           0.0065276,           0.0065276
                 130,            0.039427,            0.020127,                   0,             0.68301,              0.7029,             0.70855,             0.26511,             0.04471,            0.017324,                   0,           0.0064816,           0.0064816,           0.0064816
                 131,            0.039602,            0.019808,                   0,             0.81357,             0.60082,             0.68839,             0.26395,            0.043393,            0.017963,                   0,           0.0064356,           0.0064356,           0.0064356
                 132,            0.040271,            0.020219,                   0,             0.69405,             0.72464,             0.72176,             0.25237,            0.044155,            0.017573,                   0,           0.0063895,           0.0063895,           0.0063895
                 133,            0.038532,            0.019023,                   0,             0.70975,             0.67391,             0.71155,             0.26263,            0.043648,            0.017313,                   0,           0.0063432,           0.0063432,           0.0063432
                 134,            0.037602,            0.019632,                   0,             0.70791,             0.70251,             0.68956,             0.26296,            0.044754,             0.01819,                   0,           0.0062969,           0.0062969,           0.0062969
                 135,            0.039698,            0.019399,                   0,             0.72613,             0.63768,             0.65928,             0.25593,            0.045042,            0.018417,                   0,           0.0062505,           0.0062505,           0.0062505
                 136,            0.036986,            0.019041,                   0,             0.72462,             0.63043,             0.68804,             0.26986,            0.043703,            0.017709,                   0,            0.006204,            0.006204,            0.006204
                 137,            0.038142,            0.020197,                   0,             0.79989,             0.57931,             0.68458,              0.2541,            0.043917,            0.018053,                   0,           0.0061574,           0.0061574,           0.0061574
                 138,            0.037531,            0.018702,                   0,             0.69088,             0.68116,             0.71022,              0.2608,            0.043474,            0.017379,                   0,           0.0061107,           0.0061107,           0.0061107
                 139,            0.038086,            0.018492,                   0,             0.74895,              0.6087,             0.68091,             0.24373,            0.045308,            0.017363,                   0,            0.006064,            0.006064,            0.006064
                 140,            0.039104,            0.018371,                   0,             0.73767,             0.65207,             0.69133,             0.26386,            0.044416,            0.017197,                   0,           0.0060172,           0.0060172,           0.0060172
                 141,            0.037982,            0.019452,                   0,             0.68719,             0.71635,             0.71151,             0.26142,              0.0436,              0.0174,                   0,           0.0059704,           0.0059704,           0.0059704
                 142,             0.03836,            0.018353,                   0,             0.73802,             0.67364,             0.73771,             0.26671,            0.043551,            0.017183,                   0,           0.0059235,           0.0059235,           0.0059235
                 143,            0.037567,             0.01781,                   0,             0.73725,             0.63043,             0.67808,              0.2631,            0.044148,            0.017901,                   0,           0.0058766,           0.0058766,           0.0058766
                 144,            0.037267,            0.018752,                   0,             0.81432,             0.63768,             0.69176,             0.26233,            0.045151,            0.017401,                   0,           0.0058296,           0.0058296,           0.0058296
                 145,            0.037435,            0.019767,                   0,             0.73468,             0.72464,             0.74411,             0.27584,            0.043194,            0.017097,                   0,           0.0057826,           0.0057826,           0.0057826
                 146,            0.037043,            0.019039,                   0,             0.75537,             0.76076,             0.76192,             0.29341,            0.042554,            0.017074,                   0,           0.0057355,           0.0057355,           0.0057355
                 147,            0.036814,            0.018715,                   0,             0.70022,             0.74474,             0.73955,             0.28203,            0.043666,            0.017554,                   0,           0.0056884,           0.0056884,           0.0056884
                 148,            0.036412,            0.018759,                   0,             0.72868,             0.68114,             0.71009,             0.26094,            0.044656,            0.017788,                   0,           0.0056413,           0.0056413,           0.0056413
                 149,            0.037643,            0.018523,                   0,             0.73974,             0.65942,             0.69895,             0.25333,            0.045038,            0.017622,                   0,           0.0055942,           0.0055942,           0.0055942
                 150,            0.037918,            0.019264,                   0,             0.81249,             0.75358,             0.75186,             0.29206,            0.043944,            0.016806,                   0,           0.0055471,           0.0055471,           0.0055471
                 151,             0.03734,            0.018679,                   0,             0.79828,             0.68824,             0.73319,             0.27308,            0.043327,            0.016976,                   0,              0.0055,              0.0055,              0.0055
                 152,            0.035307,            0.017949,                   0,             0.80906,              0.6448,             0.71092,             0.27184,            0.043392,            0.016987,                   0,           0.0054529,           0.0054529,           0.0054529
                 153,            0.036517,            0.018552,                   0,             0.81479,             0.63759,             0.71477,             0.26784,            0.045402,            0.016785,                   0,           0.0054058,           0.0054058,           0.0054058
                 154,            0.035838,             0.01794,                   0,             0.71982,             0.65217,             0.69673,             0.26275,            0.045194,             0.01746,                   0,           0.0053587,           0.0053587,           0.0053587
                 155,            0.034945,            0.018433,                   0,             0.72646,             0.67358,             0.69939,             0.26569,            0.043615,            0.017086,                   0,           0.0053116,           0.0053116,           0.0053116
                 156,            0.036249,            0.018086,                   0,             0.76422,             0.56522,              0.6397,             0.22737,             0.04587,            0.017632,                   0,           0.0052645,           0.0052645,           0.0052645
                 157,            0.035956,            0.017643,                   0,             0.75141,             0.63768,             0.69395,             0.25271,            0.044574,             0.01762,                   0,           0.0052174,           0.0052174,           0.0052174
                 158,             0.03558,            0.018636,                   0,             0.73599,             0.66663,             0.67574,             0.25748,            0.043933,            0.017279,                   0,           0.0051704,           0.0051704,           0.0051704
                 159,            0.035532,            0.018951,                   0,             0.74767,             0.66564,             0.69885,             0.27551,              0.0438,            0.017223,                   0,           0.0051234,           0.0051234,           0.0051234
                 160,            0.036415,            0.018721,                   0,             0.76137,             0.60112,             0.66608,             0.26805,            0.044484,            0.017374,                   0,           0.0050765,           0.0050765,           0.0050765
                 161,            0.035107,            0.017783,                   0,             0.77042,              0.6087,             0.69241,              0.2892,            0.042686,            0.017567,                   0,           0.0050296,           0.0050296,           0.0050296
                 162,            0.034091,            0.017367,                   0,             0.73909,              0.6158,             0.65883,             0.27377,            0.043536,            0.017782,                   0,           0.0049828,           0.0049828,           0.0049828
                 163,            0.034865,            0.018604,                   0,             0.74731,             0.62319,             0.67233,             0.25772,            0.043335,            0.017193,                   0,            0.004936,            0.004936,            0.004936
                 164,            0.034908,            0.018437,                   0,             0.67569,             0.71014,             0.67617,             0.24862,            0.044986,            0.017135,                   0,           0.0048893,           0.0048893,           0.0048893
                 165,            0.035767,            0.017933,                   0,             0.78148,             0.67379,             0.74877,              0.2714,            0.043844,             0.01713,                   0,           0.0048426,           0.0048426,           0.0048426
                 166,            0.034658,            0.018102,                   0,             0.70322,             0.73913,             0.75144,             0.28011,            0.043597,            0.017483,                   0,            0.004796,            0.004796,            0.004796
                 167,            0.034793,            0.017224,                   0,             0.73077,              0.6884,             0.73028,              0.2826,             0.04422,            0.017456,                   0,           0.0047495,           0.0047495,           0.0047495
                 168,            0.034325,            0.017282,                   0,             0.71209,             0.68107,             0.68797,             0.26717,             0.04462,            0.017452,                   0,           0.0047031,           0.0047031,           0.0047031
                 169,            0.034681,            0.018357,                   0,             0.71168,             0.64493,             0.67416,             0.25474,            0.043803,            0.017554,                   0,           0.0046568,           0.0046568,           0.0046568
                 170,            0.033146,            0.018265,                   0,             0.72588,             0.70998,             0.72007,             0.27726,            0.044298,            0.017524,                   0,           0.0046105,           0.0046105,           0.0046105
                 171,            0.034316,            0.017785,                   0,             0.72506,             0.74638,             0.74262,             0.29453,             0.04277,            0.017226,                   0,           0.0045644,           0.0045644,           0.0045644
                 172,            0.034874,            0.017181,                   0,             0.76022,             0.66626,             0.72437,             0.28975,            0.043727,            0.017091,                   0,           0.0045184,           0.0045184,           0.0045184
                 173,            0.034701,            0.017427,                   0,             0.84633,             0.60145,             0.71026,             0.28555,            0.043342,            0.017424,                   0,           0.0044724,           0.0044724,           0.0044724
                 174,            0.033726,              0.0179,                   0,             0.78519,             0.63768,             0.72231,             0.28643,            0.043149,            0.017138,                   0,           0.0044266,           0.0044266,           0.0044266
                 175,            0.034307,            0.017864,                   0,             0.77723,             0.65735,             0.70517,              0.2764,            0.043094,            0.017531,                   0,           0.0043809,           0.0043809,           0.0043809
                 176,            0.032761,            0.016768,                   0,             0.81413,             0.66656,             0.72718,             0.26758,            0.042877,            0.016993,                   0,           0.0043353,           0.0043353,           0.0043353
                 177,            0.034184,            0.018323,                   0,             0.74347,             0.67391,              0.7306,             0.27911,             0.04425,            0.017242,                   0,           0.0042899,           0.0042899,           0.0042899
                 178,            0.032947,            0.016729,                   0,             0.75185,              0.7029,             0.72716,             0.26629,            0.044654,            0.017201,                   0,           0.0042445,           0.0042445,           0.0042445
                 179,             0.03402,            0.017556,                   0,             0.80604,             0.63768,             0.73878,             0.27032,            0.043536,            0.017446,                   0,           0.0041994,           0.0041994,           0.0041994
                 180,             0.03305,            0.017132,                   0,             0.78805,             0.67391,             0.74414,             0.29463,             0.04265,            0.016798,                   0,           0.0041543,           0.0041543,           0.0041543
                 181,            0.032162,            0.016895,                   0,             0.81502,              0.6087,             0.72759,             0.28419,            0.042869,             0.01741,                   0,           0.0041094,           0.0041094,           0.0041094
                 182,            0.033671,            0.017311,                   0,             0.76984,             0.63043,             0.70777,             0.29237,            0.042792,            0.017507,                   0,           0.0040647,           0.0040647,           0.0040647
                 183,            0.032708,             0.01722,                   0,             0.65982,             0.73188,              0.7355,             0.30202,            0.043213,            0.016996,                   0,           0.0040201,           0.0040201,           0.0040201
                 184,            0.030818,            0.016543,                   0,             0.71424,             0.65217,             0.70216,              0.2928,            0.043831,            0.017603,                   0,           0.0039757,           0.0039757,           0.0039757
                 185,             0.03241,            0.016966,                   0,              0.7437,             0.67391,             0.69849,             0.29134,            0.043935,            0.017006,                   0,           0.0039314,           0.0039314,           0.0039314
                 186,            0.033739,            0.016714,                   0,             0.76763,             0.62319,             0.68387,             0.28979,            0.043947,            0.017166,                   0,           0.0038873,           0.0038873,           0.0038873
                 187,            0.032928,            0.017467,                   0,             0.69844,             0.73913,             0.70873,             0.29351,            0.043945,            0.017205,                   0,           0.0038434,           0.0038434,           0.0038434
                 188,            0.032157,            0.016554,                   0,             0.74989,             0.65179,             0.68983,             0.27502,            0.044427,            0.017343,                   0,           0.0037997,           0.0037997,           0.0037997
                 189,            0.032635,            0.016939,                   0,             0.73428,             0.68083,             0.70243,             0.30312,            0.042882,            0.016662,                   0,           0.0037562,           0.0037562,           0.0037562
                 190,            0.032211,            0.016941,                   0,             0.75602,             0.67364,             0.72912,             0.29591,            0.042584,             0.01772,                   0,           0.0037128,           0.0037128,           0.0037128
                 191,            0.032699,            0.017233,                   0,             0.79118,             0.65942,             0.72765,             0.30047,            0.043014,            0.017382,                   0,           0.0036697,           0.0036697,           0.0036697
                 192,            0.032907,            0.016934,                   0,             0.71865,             0.72464,             0.73615,             0.29176,            0.042783,            0.017624,                   0,           0.0036267,           0.0036267,           0.0036267
                 193,             0.03145,            0.017848,                   0,             0.77865,             0.68824,             0.73288,             0.28216,            0.042918,            0.017463,                   0,            0.003584,            0.003584,            0.003584
                 194,            0.032599,            0.016216,                   0,             0.72785,             0.72464,             0.71526,             0.29312,             0.04207,            0.016982,                   0,           0.0035415,           0.0035415,           0.0035415
                 195,            0.031248,            0.016457,                   0,             0.70606,             0.73188,             0.71914,             0.28968,            0.042351,            0.017492,                   0,           0.0034991,           0.0034991,           0.0034991
                 196,            0.032041,            0.016782,                   0,             0.78558,             0.71739,             0.76134,              0.2994,            0.042849,            0.017209,                   0,            0.003457,            0.003457,            0.003457
                 197,             0.03109,            0.016417,                   0,             0.72172,             0.69537,             0.68301,             0.28066,            0.043065,            0.017221,                   0,           0.0034152,           0.0034152,           0.0034152
                 198,            0.031993,            0.015753,                   0,             0.75959,             0.66667,             0.70739,             0.29641,            0.042821,            0.017441,                   0,           0.0033735,           0.0033735,           0.0033735
                 199,            0.032588,            0.016974,                   0,             0.76011,             0.66585,             0.72326,             0.28574,            0.043823,            0.017613,                   0,           0.0033321,           0.0033321,           0.0033321
                 200,            0.030758,            0.016146,                   0,             0.78217,              0.7029,             0.74284,              0.2885,            0.044959,            0.017746,                   0,           0.0032909,           0.0032909,           0.0032909
                 201,            0.032025,            0.016874,                   0,             0.80445,             0.71739,             0.74951,             0.28677,            0.043285,            0.017212,                   0,             0.00325,             0.00325,             0.00325
                 202,            0.029887,            0.016475,                   0,             0.74234,             0.70983,             0.73191,             0.28413,            0.042764,            0.017699,                   0,           0.0032093,           0.0032093,           0.0032093
                 203,            0.031707,            0.017097,                   0,             0.80158,             0.70258,             0.74153,             0.29378,            0.042725,            0.017391,                   0,           0.0031689,           0.0031689,           0.0031689
                 204,              0.0321,            0.017088,                   0,             0.82404,             0.64493,             0.70584,             0.27676,            0.044088,             0.01726,                   0,           0.0031287,           0.0031287,           0.0031287
                 205,            0.031182,            0.016248,                   0,             0.79506,             0.70282,              0.7451,              0.3099,            0.042524,            0.016948,                   0,           0.0030888,           0.0030888,           0.0030888
                 206,            0.031881,            0.016256,                   0,             0.76159,              0.7029,             0.73829,             0.30424,            0.042781,            0.017183,                   0,           0.0030491,           0.0030491,           0.0030491
                 207,            0.030585,            0.016041,                   0,             0.70723,             0.75269,             0.75203,             0.29078,             0.04312,            0.017414,                   0,           0.0030097,           0.0030097,           0.0030097
                 208,            0.030755,             0.01638,                   0,             0.76982,              0.7029,             0.73864,             0.28781,            0.043308,            0.017429,                   0,           0.0029706,           0.0029706,           0.0029706
                 209,            0.031435,            0.016011,                   0,             0.67692,             0.76087,             0.70635,             0.27832,            0.043064,            0.017427,                   0,           0.0029318,           0.0029318,           0.0029318
                 210,            0.029386,            0.015959,                   0,             0.80326,             0.65217,             0.72376,             0.28529,            0.043516,             0.01804,                   0,           0.0028932,           0.0028932,           0.0028932
                 211,            0.031024,             0.01651,                   0,             0.69118,             0.74638,             0.72361,             0.29241,            0.043709,              0.0176,                   0,            0.002855,            0.002855,            0.002855
                 212,            0.031047,            0.015617,                   0,              0.7123,             0.75362,             0.73756,             0.29343,            0.042459,            0.017354,                   0,            0.002817,            0.002817,            0.002817
                 213,            0.031682,            0.016091,                   0,             0.74416,             0.69565,             0.71055,             0.27905,            0.043954,             0.01797,                   0,           0.0027793,           0.0027793,           0.0027793
                 214,            0.031274,            0.015806,                   0,             0.78504,             0.68808,             0.74344,             0.30337,            0.042342,            0.017435,                   0,           0.0027419,           0.0027419,           0.0027419
                 215,            0.030196,            0.014837,                   0,             0.86326,             0.68841,             0.79484,              0.3206,            0.042171,            0.017122,                   0,           0.0027048,           0.0027048,           0.0027048
                 216,            0.030429,            0.015055,                   0,             0.78678,             0.69565,             0.75986,             0.31008,            0.043385,            0.017452,                   0,           0.0026681,           0.0026681,           0.0026681
                 217,             0.03043,            0.016333,                   0,             0.82281,             0.67391,             0.74028,             0.30351,            0.043756,            0.017658,                   0,           0.0026316,           0.0026316,           0.0026316
                 218,            0.030114,            0.015766,                   0,             0.78385,             0.65942,             0.71523,              0.3047,            0.043445,            0.017654,                   0,           0.0025954,           0.0025954,           0.0025954
                 219,            0.030725,            0.015518,                   0,             0.77081,             0.73115,             0.76794,             0.29555,            0.043581,            0.017324,                   0,           0.0025596,           0.0025596,           0.0025596
                 220,            0.029934,            0.015629,                   0,             0.69384,               0.739,             0.73763,              0.2836,             0.04406,            0.017607,                   0,           0.0025241,           0.0025241,           0.0025241
                 221,            0.029943,            0.016228,                   0,             0.76796,             0.69551,             0.72359,             0.28273,            0.044332,            0.018655,                   0,           0.0024889,           0.0024889,           0.0024889
                 222,            0.028774,             0.01543,                   0,             0.76872,             0.72258,             0.74769,              0.2891,            0.044533,             0.01808,                   0,           0.0024541,           0.0024541,           0.0024541
                 223,            0.028183,            0.015665,                   0,             0.80313,             0.71014,             0.75239,             0.28947,            0.043751,            0.017793,                   0,           0.0024195,           0.0024195,           0.0024195
                 224,            0.030281,            0.016416,                   0,             0.83473,             0.69538,             0.77564,             0.30041,            0.042816,            0.017615,                   0,           0.0023854,           0.0023854,           0.0023854
                 225,            0.028706,              0.0159,                   0,              0.8319,             0.71722,             0.75968,             0.30551,            0.043094,            0.017666,                   0,           0.0023515,           0.0023515,           0.0023515
                 226,            0.029973,             0.01582,                   0,             0.76673,             0.74638,             0.75513,               0.295,            0.043631,            0.017624,                   0,            0.002318,            0.002318,            0.002318
                 227,            0.029618,            0.015605,                   0,              0.7513,             0.78986,             0.76219,             0.30872,            0.043642,            0.017548,                   0,           0.0022849,           0.0022849,           0.0022849
                 228,            0.029741,            0.015488,                   0,             0.82811,             0.66667,             0.74411,             0.28485,            0.044761,            0.017628,                   0,           0.0022521,           0.0022521,           0.0022521
                 229,            0.029865,            0.015673,                   0,             0.81033,              0.6811,             0.72896,              0.2869,            0.043589,            0.017728,                   0,           0.0022196,           0.0022196,           0.0022196
                 230,            0.030024,            0.015542,                   0,             0.76117,             0.73913,             0.74399,             0.30295,             0.04314,            0.017873,                   0,           0.0021876,           0.0021876,           0.0021876
                 231,            0.030388,            0.015658,                   0,             0.71629,             0.69565,             0.72587,             0.29491,            0.043014,            0.017824,                   0,           0.0021558,           0.0021558,           0.0021558
                 232,            0.029376,             0.01555,                   0,             0.79058,             0.73913,             0.76316,             0.31157,             0.04265,             0.01761,                   0,           0.0021245,           0.0021245,           0.0021245
                 233,               0.029,            0.014689,                   0,             0.80146,             0.73188,             0.75565,             0.30154,            0.042874,            0.017603,                   0,           0.0020935,           0.0020935,           0.0020935
                 234,            0.029009,            0.015059,                   0,             0.84183,             0.69565,             0.75416,             0.31819,              0.0427,            0.017331,                   0,           0.0020629,           0.0020629,           0.0020629
                 235,            0.029918,            0.015189,                   0,             0.77119,             0.71014,             0.74247,             0.31215,            0.042688,             0.01742,                   0,           0.0020327,           0.0020327,           0.0020327
                 236,            0.028061,            0.015221,                   0,             0.78221,             0.70271,             0.72778,             0.30592,            0.042754,            0.017554,                   0,           0.0020028,           0.0020028,           0.0020028
                 237,            0.029776,            0.015619,                   0,             0.73109,             0.71014,             0.70513,             0.29321,            0.043128,             0.01774,                   0,           0.0019734,           0.0019734,           0.0019734
                 238,            0.028491,            0.015307,                   0,             0.71918,             0.68841,             0.69833,             0.29114,            0.043644,            0.017977,                   0,           0.0019443,           0.0019443,           0.0019443
                 239,            0.029036,            0.014688,                   0,             0.73683,             0.71014,             0.73384,             0.28682,            0.043219,            0.018061,                   0,           0.0019156,           0.0019156,           0.0019156
                 240,            0.028206,             0.01482,                   0,             0.77163,             0.71005,             0.71294,             0.28449,            0.043584,            0.018232,                   0,           0.0018873,           0.0018873,           0.0018873
                 241,            0.029103,            0.015713,                   0,             0.78424,             0.71739,             0.74346,             0.29397,            0.042775,            0.017651,                   0,           0.0018594,           0.0018594,           0.0018594
                 242,            0.028227,            0.014361,                   0,             0.79825,             0.68841,             0.72669,             0.29944,            0.043537,            0.017864,                   0,           0.0018319,           0.0018319,           0.0018319
                 243,            0.027586,            0.014678,                   0,             0.78049,             0.69564,             0.72308,             0.29676,             0.04316,            0.017803,                   0,           0.0018048,           0.0018048,           0.0018048
                 244,            0.028633,            0.014346,                   0,             0.73009,             0.74638,             0.73739,             0.29198,            0.042698,            0.017944,                   0,           0.0017781,           0.0017781,           0.0017781
                 245,            0.028845,             0.01476,                   0,             0.83258,             0.68841,             0.76445,             0.29113,            0.043441,            0.018022,                   0,           0.0017519,           0.0017519,           0.0017519
                 246,            0.028613,            0.015211,                   0,             0.73588,             0.76812,             0.75074,             0.30929,            0.042978,            0.017934,                   0,            0.001726,            0.001726,            0.001726
                 247,            0.028395,            0.014645,                   0,             0.80326,             0.71007,             0.75116,             0.29917,            0.043342,            0.018206,                   0,           0.0017005,           0.0017005,           0.0017005
                 248,            0.027478,            0.015388,                   0,             0.78559,             0.71688,             0.75512,             0.30323,            0.042862,            0.017941,                   0,           0.0016755,           0.0016755,           0.0016755
                 249,            0.028611,            0.014645,                   0,             0.70725,             0.75362,             0.74625,             0.30495,            0.043546,            0.017697,                   0,           0.0016509,           0.0016509,           0.0016509
                 250,            0.027278,            0.015184,                   0,             0.77377,             0.64493,             0.69279,             0.28434,              0.0437,            0.018043,                   0,           0.0016267,           0.0016267,           0.0016267
                 251,            0.028015,            0.014537,                   0,             0.80895,             0.64493,             0.70127,             0.29033,            0.043646,            0.018175,                   0,           0.0016029,           0.0016029,           0.0016029
                 252,            0.027994,            0.014513,                   0,             0.87601,             0.61594,             0.71935,             0.30012,            0.042867,            0.017964,                   0,           0.0015795,           0.0015795,           0.0015795
                 253,            0.027083,            0.014238,                   0,             0.77776,             0.71008,             0.73186,             0.30329,            0.042168,             0.01813,                   0,           0.0015566,           0.0015566,           0.0015566
                 254,            0.026738,            0.014653,                   0,             0.72078,             0.76812,             0.75498,             0.30621,            0.042433,            0.018134,                   0,           0.0015341,           0.0015341,           0.0015341
                 255,            0.027446,            0.014882,                   0,             0.71717,             0.75337,             0.71511,             0.29947,            0.042722,             0.01848,                   0,           0.0015121,           0.0015121,           0.0015121
                 256,            0.027831,            0.014315,                   0,             0.75967,             0.71006,             0.72198,             0.28931,            0.043491,            0.018444,                   0,           0.0014905,           0.0014905,           0.0014905
                 257,            0.027379,            0.014828,                   0,             0.78688,             0.69564,             0.72902,             0.28841,            0.042872,            0.018195,                   0,           0.0014693,           0.0014693,           0.0014693
                 258,            0.028542,            0.014904,                   0,             0.80171,             0.67383,             0.72953,             0.30069,            0.042932,            0.018082,                   0,           0.0014486,           0.0014486,           0.0014486
                 259,            0.027893,            0.014335,                   0,             0.75975,             0.73913,             0.74576,             0.29799,            0.043121,            0.018317,                   0,           0.0014283,           0.0014283,           0.0014283
                 260,            0.028549,            0.015542,                   0,             0.79643,             0.65204,             0.72972,             0.29744,            0.043384,            0.018289,                   0,           0.0014084,           0.0014084,           0.0014084
                 261,             0.02823,            0.015482,                   0,             0.73697,             0.73188,             0.72637,             0.28857,            0.042781,            0.018345,                   0,            0.001389,            0.001389,            0.001389
                 262,            0.027424,            0.014569,                   0,             0.78625,             0.74633,             0.75968,             0.30011,              0.0431,             0.01802,                   0,           0.0013701,           0.0013701,           0.0013701
                 263,            0.026523,            0.013673,                   0,             0.79996,             0.72464,             0.77254,             0.30238,             0.04226,            0.018086,                   0,           0.0013516,           0.0013516,           0.0013516
                 264,            0.027426,            0.014974,                   0,             0.80619,             0.75356,             0.76587,             0.30376,            0.042357,            0.018144,                   0,           0.0013336,           0.0013336,           0.0013336
                 265,            0.027607,            0.014832,                   0,             0.81195,             0.68832,             0.73668,              0.2875,            0.042979,            0.018213,                   0,            0.001316,            0.001316,            0.001316
                 266,             0.02712,            0.014317,                   0,             0.72117,             0.74638,             0.71929,             0.28713,            0.043061,            0.018358,                   0,           0.0012989,           0.0012989,           0.0012989
                 267,            0.027017,             0.01417,                   0,             0.72781,             0.71691,             0.72336,             0.29529,            0.043119,            0.018782,                   0,           0.0012822,           0.0012822,           0.0012822
                 268,             0.02725,            0.014223,                   0,             0.76022,             0.66626,              0.6919,             0.28994,            0.043282,            0.018832,                   0,            0.001266,            0.001266,            0.001266
                 269,            0.027036,            0.014146,                   0,             0.78141,             0.67391,             0.71364,             0.28686,             0.04352,            0.018602,                   0,           0.0012503,           0.0012503,           0.0012503
                 270,            0.026506,            0.013898,                   0,             0.71417,             0.72421,             0.70987,             0.28916,            0.043429,            0.018259,                   0,            0.001235,            0.001235,            0.001235
                 271,            0.026849,            0.013876,                   0,             0.73825,             0.71739,             0.71217,             0.30133,            0.043293,            0.018081,                   0,           0.0012202,           0.0012202,           0.0012202
                 272,            0.026707,            0.014882,                   0,             0.71364,             0.76087,              0.7223,             0.30774,            0.043377,            0.017912,                   0,           0.0012059,           0.0012059,           0.0012059
                 273,            0.026921,             0.01472,                   0,             0.75189,             0.68116,             0.72008,             0.30346,            0.043187,            0.017892,                   0,           0.0011921,           0.0011921,           0.0011921
                 274,            0.027224,            0.014866,                   0,             0.78019,             0.74638,             0.73431,             0.29422,            0.043133,            0.018047,                   0,           0.0011787,           0.0011787,           0.0011787
                 275,            0.027201,            0.015044,                   0,             0.80447,             0.71739,              0.7371,             0.29158,            0.043401,            0.018136,                   0,           0.0011658,           0.0011658,           0.0011658
                 276,            0.026452,            0.014066,                   0,             0.75995,             0.68841,             0.70117,             0.29559,            0.043052,            0.018221,                   0,           0.0011533,           0.0011533,           0.0011533
                 277,             0.02629,            0.014374,                   0,              0.7711,             0.71014,             0.73194,             0.29586,            0.043206,            0.018038,                   0,           0.0011414,           0.0011414,           0.0011414
                 278,            0.026448,            0.014439,                   0,             0.81723,             0.68116,             0.73435,             0.29694,            0.043132,            0.017929,                   0,           0.0011299,           0.0011299,           0.0011299
                 279,            0.026356,             0.01386,                   0,             0.78291,             0.73175,             0.73296,             0.30072,            0.042862,            0.017837,                   0,           0.0011189,           0.0011189,           0.0011189
                 280,            0.027208,            0.014202,                   0,             0.80499,             0.68841,             0.72484,             0.29583,            0.042877,            0.018068,                   0,           0.0011084,           0.0011084,           0.0011084
                 281,            0.028065,             0.01466,                   0,               0.807,             0.66667,             0.72147,             0.29361,            0.043049,            0.018026,                   0,           0.0010983,           0.0010983,           0.0010983
                 282,            0.026469,            0.014487,                   0,             0.78857,             0.70268,             0.72404,             0.29656,            0.043146,            0.017984,                   0,           0.0010888,           0.0010888,           0.0010888
                 283,            0.026755,            0.014235,                   0,             0.82099,             0.73113,             0.75749,             0.29634,            0.043414,            0.018174,                   0,           0.0010797,           0.0010797,           0.0010797
                 284,            0.027228,            0.013498,                   0,              0.8173,             0.74638,             0.74618,             0.30329,            0.043207,            0.017518,                   0,           0.0010711,           0.0010711,           0.0010711
                 285,            0.027252,            0.014431,                   0,             0.76859,             0.74638,             0.74771,             0.30955,            0.042818,             0.01756,                   0,            0.001063,            0.001063,            0.001063
                 286,            0.027398,            0.014027,                   0,             0.79823,             0.71671,             0.75029,             0.30769,            0.042939,            0.017584,                   0,           0.0010554,           0.0010554,           0.0010554
                 287,            0.026323,            0.014246,                   0,             0.80779,             0.73188,             0.76381,             0.29813,            0.043172,            0.017762,                   0,           0.0010483,           0.0010483,           0.0010483
                 288,            0.028032,            0.013861,                   0,             0.81815,             0.71739,             0.75514,             0.30975,            0.042664,             0.01785,                   0,           0.0010416,           0.0010416,           0.0010416
                 289,            0.025497,            0.013521,                   0,             0.80991,              0.7101,             0.74572,             0.31206,             0.04249,            0.017888,                   0,           0.0010355,           0.0010355,           0.0010355
                 290,            0.025687,             0.01411,                   0,              0.7983,             0.68841,             0.69971,             0.29496,             0.04259,             0.01808,                   0,           0.0010298,           0.0010298,           0.0010298
                 291,            0.026411,            0.013803,                   0,             0.71846,             0.76087,             0.70979,             0.28669,            0.042778,            0.018121,                   0,           0.0010247,           0.0010247,           0.0010247
                 292,            0.026451,            0.014243,                   0,             0.70384,             0.77495,             0.71112,             0.28677,            0.042775,             0.01822,                   0,             0.00102,             0.00102,             0.00102
                 293,            0.026905,             0.01425,                   0,              0.6835,             0.76812,             0.70994,             0.28808,            0.043181,            0.018676,                   0,           0.0010158,           0.0010158,           0.0010158
                 294,            0.025502,            0.013721,                   0,             0.76539,             0.68841,             0.71304,             0.29059,            0.043281,             0.01861,                   0,           0.0010121,           0.0010121,           0.0010121
                 295,            0.025544,             0.01397,                   0,             0.76853,             0.74584,             0.74484,             0.30264,            0.043236,            0.018406,                   0,           0.0010089,           0.0010089,           0.0010089
                 296,            0.025385,            0.013906,                   0,             0.81645,             0.71014,             0.75438,             0.28977,            0.043424,            0.018625,                   0,           0.0010062,           0.0010062,           0.0010062
                 297,            0.025076,            0.013666,                   0,             0.82643,             0.72455,             0.76411,              0.3075,            0.042981,            0.018533,                   0,           0.0010039,           0.0010039,           0.0010039
                 298,            0.026117,             0.01399,                   0,             0.76807,             0.72464,             0.72861,             0.30684,            0.042993,            0.018305,                   0,           0.0010022,           0.0010022,           0.0010022
                 299,            0.026191,            0.014241,                   0,             0.76858,             0.72464,             0.75673,              0.3162,            0.043076,            0.018305,                   0,            0.001001,            0.001001,            0.001001
